timestamp,value
1455255105000,148480
1455255107000,126976
1455255109000,145408
1455255111000,128000
1455255113000,146432
1455255115000,131072
1455255117000,133120
1455255119000,138240
1455255121000,126976
1455255123000,139264
1455255125000,133120
1455255127000,122880
1455255129000,134144
1455255131000,151552
1455255133000,158720
1455255135000,121856
1455255137000,141312
1455255139000,107520
1455255141000,118784
1455255143000,106496
1455255146000,126976
1455255147000,133120
1455255149000,143360
1455255151000,126976
1455255153000,125952
1455255155000,135168
1455255157000,130048
1455255159000,134144
1455255161000,130048
1455255169000,147712
1455255170000,110592
1455255176000,71338.6666666667
1455255177000,2048
1455255179000,25600
1455255181000,14336
1455255183000,26624
1455255186000,14336
1455255188000,26624
1455255189000,16384
1455255191000,14336
1455255193000,26624
1455255195000,14336
1455255202000,13165.7142857143
1455255203000,2048
1455255205000,3072
1455255207000,12288
1455255209000,10240
1455255216000,11117.7142857143
1455255217000,2048
1455255219000,10240
1455255221000,10240
1455255223000,14336
1455255225000,3072
1455255227000,12288
1455255229000,14336
1455255231000,19456
1455255233000,24576
1455255235000,12288
1455255242000,23990.8571428571
1455255243000,2048
1455255246000,15701.3333333333
1455255247000,20480
1455255249000,21504
1455255252000,25258.6666666667
1455255253000,16384
1455255255000,10240
1455255257000,19456
1455255259000,30720
1455255261000,28672
1455255263000,33792
1455255265000,21504
1455255267000,31744
1455255269000,29696
1455255271000,24576
1455255273000,30720
1455255275000,24576
1455255277000,34816
1455255280000,29354.6666666667
1455255281000,14336
1455255283000,43008
1455255286000,25258.6666666667
1455255287000,14336
1455255289000,46080
1455255292000,37546.6666666667
1455255293000,43008
1455255295000,35840
1455255297000,35840
1455255299000,47104
1455255301000,31744
1455255303000,43008
1455255305000,30720
1455255307000,47104
1455255309000,43008
1455255316000,38619.4285714286
1455255322000,52906.6666666667
1455255323000,2048
1455255325000,49152
1455255327000,36864
1455255329000,65536
1455255331000,35840
1455255333000,52224
1455255335000,45056
1455255337000,48128
1455255339000,60416
1455255341000,33792
1455255343000,56320
1455255345000,52224
1455255347000,24576
1455255349000,81920
1455255352000,46421.3333333333
1455255353000,75776
1455255355000,63488
1455255357000,38912
1455255359000,81920
1455255361000,39936
1455255363000,61440
1455255365000,59392
1455255367000,51200
1455255369000,76800
1455255371000,37888
1455255373000,63488
1455255375000,68608
1455255377000,27648
1455255379000,76800
1455255381000,32768
1455255383000,52224
1455255385000,55296
1455255387000,29696
1455255389000,69632
1455255391000,28672
1455255393000,50176
1455255395000,56320
1455255397000,32768
1455255399000,71680
1455255401000,23552
1455255403000,57344
1455255405000,59392
1455255407000,20480
1455255409000,57344
1455255411000,24576
1455255413000,43008
1455255415000,45056
1455255417000,20480
1455255419000,57344
1455255421000,24576
1455255423000,43008
1455255425000,45056
1455255427000,20480
1455255429000,57344
1455255431000,24576
1455255433000,43008
1455255435000,45056
1455255437000,17408
1455255439000,41984
1455255441000,19456
1455255443000,33792
1455255445000,30720
1455255447000,17408
1455255450000,36181.3333333333
1455255452000,18432
1455255453000,45056
1455255455000,30720
1455255457000,19456
1455255459000,40960
1455255461000,19456
1455255463000,32768
1455255465000,31744
1455255467000,16384
1455255470000,21162.6666666667
1455255471000,14336
1455255473000,24576
1455255475000,16384
1455255478000,21162.6666666667
1455255479000,18432
1455255481000,15360
1455255483000,23552
1455255485000,17408
1455255487000,16384
1455255489000,24576
1455255491000,15360
1455255493000,23552
1455255495000,17408
1455255497000,16384
1455255499000,8192
1455255502000,10922.6666666667
1455255503000,16384
1455255505000,3072
1455255507000,14336
1455255509000,8192
1455255511000,10240
1455255513000,14336
1455255515000,3072
1455255517000,14336
1455255519000,8192
1455255522000,10922.6666666667
1455255523000,16384
1455255525000,3072
1455255527000,14336
1455255529000,12288
1455255531000,19456
1455255533000,24576
1455255535000,12288
1455255537000,22528
1455255539000,18432
1455255541000,19456
1455255543000,23552
1455255545000,12288
1455255547000,23552
1455255549000,20480
1455255551000,17408
1455255553000,28672
1455255555000,9216
1455255557000,20480
1455255559000,29696
1455255561000,29696
1455255563000,32768
1455255565000,22528
1455255567000,30720
1455255569000,30720
1455255571000,24576
1455255573000,30720
1455255576000,27306.6666666667
1455255577000,36864
1455255579000,33792
1455255581000,19456
1455255583000,37888
1455255585000,26624
1455255588000,33450.6666666667
1455255589000,22528
1455255591000,45056
1455255593000,34816
1455255595000,34816
1455255597000,30720
1455255599000,55296
1455255601000,29696
1455255603000,46080
1455255605000,31744
1455255607000,47104
1455255609000,37888
1455255611000,33792
1455255613000,40960
1455255615000,44032
1455255617000,23552
1455255619000,56320
1455255621000,45056
1455255623000,48128
1455255625000,55296
1455255627000,30720
1455255629000,67584
1455255631000,34816
1455255633000,59392
1455255635000,43008
1455255638000,47104
1455255639000,61440
1455255641000,43008
1455255643000,47104
1455255645000,56320
1455255647000,30720
1455255649000,73728
1455255651000,46080
1455255653000,60416
1455255655000,63488
1455255657000,36864
1455255659000,81920
1455255661000,41984
1455255663000,67584
1455255665000,53248
1455255667000,56320
1455255669000,65536
1455255671000,50176
1455255673000,61440
1455255675000,63488
1455255677000,34816
1455255679000,74752
1455255681000,36864
1455255683000,51200
1455255685000,54272
1455255687000,23552
1455255690000,59392
1455255691000,28672
1455255693000,57344
1455255695000,43008
1455255697000,45056
1455255699000,62464
1455255701000,36864
1455255703000,50176
1455255706000,48469.3333333333
1455255707000,16384
1455255709000,61440
1455255711000,31744
1455255840000,22385.1162790698
1455255841000,14336
1455255842000,38912
1455255843000,16384
1455255844000,20480
1455255845000,4096
1455255850000,23756.8
1455255851000,28672
1455255852000,26624
1455255853000,20480
1455255854000,4096
1455255855000,34816
1455255856000,30720
1455255857000,40960
1455255858000,16384
1455255859000,32768
1455255860000,34816
1455255861000,40960
1455255862000,22528
1455255863000,14336
1455255865000,22528
1455255867000,33792
1455255869000,30720
1455255871000,25600
1455255873000,35840
1455255875000,24576
1455255877000,35840
1455255879000,25600
1455255881000,25600
1455255883000,34816
1455255885000,23552
1455255887000,29696
1455255889000,34816
1455255891000,38912
1455255893000,39936
1455255895000,35840
1455255897000,37888
1455255900000,40960
1455255901000,26624
1455255903000,51200
1455255905000,26624
1455255907000,53248
1455255909000,29696
1455255912000,43008
1455255913000,28672
1455255915000,39936
1455255917000,34816
1455255920000,46421.3333333333
1455255921000,51200
1455255923000,51200
1455255925000,47104
1455255927000,39936
1455255929000,64512
1455255931000,33792
1455255933000,61440
1455255935000,37888
1455255937000,54272
1455255939000,50176
1455255941000,45056
1455255943000,47104
1455255945000,52224
1455255947000,37888
1455255949000,70656
1455255951000,48128
1455255953000,58368
1455255955000,59392
1455255957000,40960
1455255959000,83968
1455255961000,40960
1455255963000,68608
1455255965000,50176
1455255967000,60416
1455255970000,61440
1455255971000,45056
1455255974000,60757.3333333333
1455255975000,57344
1455255977000,39936
1455255979000,71680
1455255981000,34816
1455255983000,51200
1455255985000,47104
1455255987000,32768
1455255989000,73728
1455255991000,31744
1455255993000,54272
1455255995000,49152
1455255997000,35840
1455255999000,66560
1455256001000,33792
1455256003000,56320
1455256005000,45056
1455256007000,30720
1455256009000,61440
1455256011000,24576
1455256013000,43008
1455256015000,37888
1455256017000,23552
1455256019000,61440
1455256021000,24576
1455256024000,47104
1455256025000,20480
1455256027000,23552
1455256029000,61440
1455256031000,24576
1455256033000,43008
1455256035000,37888
1455256037000,22528
1455256039000,46080
1455256041000,20480
1455256043000,32768
1455256045000,26624
1455256047000,20480
1455256049000,44032
1455256051000,19456
1455256053000,32768
1455256055000,26624
1455256057000,20480
1455256059000,44032
1455256061000,19456
1455256063000,33792
1455256065000,25600
1455256067000,21504
1455256069000,24576
1455256071000,15360
1455256073000,23552
1455256076000,16384
1455256077000,18432
1455256079000,24576
1455256081000,15360
1455256083000,23552
1455256085000,14336
1455256087000,19456
1455256089000,23552
1455256091000,15360
1455256093000,23552
1455256095000,15360
1455256097000,19456
1455256099000,5120
1455256101000,11264
1455256103000,13312
1455256105000,3072
1455256107000,17408
1455256109000,5120
1455256111000,11264
1455256113000,13312
1455256115000,3072
1455256117000,16384
1455256119000,6144
1455256121000,10240
1455256123000,14336
1455256125000,3072
1455256127000,16384
1455256129000,6144
1455256131000,17408
1455256133000,23552
1455256135000,12288
1455256137000,25600
1455256139000,15360
1455256164000,7372.8
1455256168000,77312
1455256169000,47104
1455256170000,63488
1455256171000,12288
1455256172000,38912
1455256173000,12288
1455256175000,20480
1455256177000,31744
1455256190000,32925.5384615385
1455256191000,38912
1455256192000,34816
1455256193000,16384
1455256195000,21504
1455256198000,44373.3333333333
1455256199000,32768
1455256201000,50176
1455256203000,43008
1455256205000,30720
1455256207000,41984
1455256210000,34133.3333333333
1455256212000,47104
1455256213000,34816
1455256215000,36864
1455256217000,44032
1455256219000,23552
1455256221000,68608
1455256228000,11410.2857142857
1455256229000,325632
1455256230000,53248
1455256231000,28672
1455256233000,33792
1455256235000,50176
1455256237000,54272
1455256239000,39936
1455256241000,73728
1455256243000,17408
1455256245000,61440
1455256247000,56320
1455256250000,52565.3333333333
1455256251000,59392
1455256253000,40960
1455256255000,63488
1455256257000,59392
1455256259000,45056
1455256262000,66218.6666666667
1455256263000,38912
1455256265000,75776
1455256267000,47104
1455256269000,52224
1455256271000,79872
1455256273000,39936
1455256275000,51200
1455256277000,71680
1455256279000,33792
1455256281000,66560
1455256283000,35840
1455256285000,56320
1455256287000,47104
1455256290000,51882.6666666667
1455256291000,53248
1455256293000,35840
1455256295000,49152
1455256297000,55296
1455256299000,24576
1455256301000,81920
1455256303000,28672
1455256305000,52224
1455256307000,52224
1455256309000,26624
1455256311000,54272
1455256313000,26624
1455256315000,40960
1455256317000,43008
1455256319000,27648
1455256321000,57344
1455256323000,23552
1455256325000,39936
1455256327000,47104
1455256329000,18432
1455256332000,53248
1455256333000,6144
1455256335000,51200
1455256337000,38912
1455256339000,19456
1455256341000,49152
1455256343000,8192
1455256345000,43008
1455256347000,23552
1455256349000,19456
1455256351000,50176
1455256353000,7168
1455256355000,45056
1455256357000,22528
1455256359000,19456
1455256361000,49152
1455256363000,8192
1455256365000,45056
1455256367000,21504
1455256369000,10240
1455256371000,35840
1455256373000,5120
1455256375000,25600
1455256377000,19456
1455256379000,10240
1455256381000,35840
1455256383000,6144
1455256390000,25746.2857142857
1455256391000,2048
1455256393000,5120
1455256395000,28672
1455256397000,17408
1455256399000,1024
1455256401000,21504
1455256403000,3072
1455256405000,12288
1455256407000,12288
1455256409000,1024
1455256411000,21504
1455256413000,3072
1455256415000,9216
1455256417000,15360
1455256420000,4778.6666666667
1455256421000,30720
1455256423000,3072
1455256425000,6144
1455256428000,12288
1455256429000,0
1455256431000,31744
1455256433000,12288
1455256435000,19456
1455256437000,23552
1455256439000,10240
1455256441000,30720
1455256443000,13312
1455256445000,17408
1455256448000,20480
1455256449000,10240
1455256451000,35840
1455256458000,2633.1428571429
1455256459000,139264
1455256460000,16384
1455256461000,32768
1455256463000,21504
1455256465000,31744
1455256467000,30720
1455256469000,19456
1455256471000,43008
1455256473000,23552
1455256475000,32768
1455256477000,26624
1455256480000,32085.3333333333
1455256481000,38912
1455256483000,24576
1455256486000,32768
1455256487000,20480
1455256489000,21504
1455256491000,43008
1455256494000,34816
1455256495000,45056
1455256497000,41984
1455256499000,32768
1455256501000,48128
1455256503000,37888
1455256510000,47104
1455256511000,8192
1455256513000,26624
1455256515000,33792
1455256518000,31402.6666666667
1455256519000,61440
1455256521000,54272
1455256523000,41984
1455256525000,51200
1455256527000,47104
1455256529000,43008
1455256531000,63488
1455256533000,39936
1455256535000,53248
1455256538000,48469.3333333333
1455256539000,10240
1455256541000,78848
1455256543000,32768
1455256545000,49152
1455256547000,46080
1455256549000,47104
1455256551000,70656
1455256553000,43008
1455256555000,69632
1455256557000,50176
1455256559000,52224
1455256561000,75776
1455256563000,43008
1455256565000,62464
1455256567000,54272
1455256569000,44032
1455256571000,94208
1455256573000,28672
1455256575000,70656
1455256577000,57344
1455256579000,37888
1455256582000,54613.3333333333
1455256583000,26624
1455256585000,62464
1455256587000,44032
1455256589000,37888
1455256591000,73728
1455256593000,23552
1455256595000,65536
1455256597000,40960
1455256599000,33792
1455256601000,79872
1455256603000,15360
1455256605000,65536
1455256607000,43008
1455256609000,23552
1455256611000,66560
1455256613000,10240
1455256616000,56661.3333333333
1455256617000,10240
1455256619000,28672
1455256621000,61440
1455256623000,10240
1455256630000,51200
1455256631000,6144
1455256633000,8192
1455256635000,62464
1455256637000,27648
1455256639000,19456
1455256641000,47104
1455256643000,8192
1455256645000,45056
1455256647000,23552
1455256649000,19456
1455256651000,48128
1455256653000,7168
1455256656000,44373.3333333333
1455256657000,6144
1455256659000,19456
1455256661000,47104
1455256663000,7168
1455256665000,45056
1455256667000,24576
1455256669000,10240
1455256671000,32768
1455256674000,10240
1455256675000,36864
1455256677000,20480
1455256679000,9216
1455256681000,34816
1455256683000,4096
1455256685000,29696
1455256687000,18432
1455256694000,2925.7142857143
1455256699000,36454.4
1455256700000,26624
1455256701000,10240
1455256703000,3072
1455256705000,11264
1455256707000,13312
1455256709000,1024
1455256711000,21504
1455256713000,3072
1455256715000,10240
1455256717000,14336
1455256719000,1024
1455256721000,21504
1455256723000,3072
1455256725000,11264
1455256727000,13312
1455256729000,1024
1455256731000,30720
1455256733000,12288
1455256735000,19456
1455256737000,23552
1455256739000,10240
1455256741000,31744
1455256743000,12288
1455256745000,20480
1455256747000,22528
1455256749000,10240
1455256751000,35840
1455256759000,20480
1455256761000,21504
1455256763000,21504
1455256770000,35401.1428571429
1455256771000,2048
1455256773000,23552
1455256775000,33792
1455256777000,26624
1455256779000,16384
1455256781000,50176
1455256783000,24576
1455256785000,18432
1455256787000,40960
1455256789000,21504
1455256791000,43008
1455256793000,37888
1455256795000,37888
1455256798000,36864
1455256799000,38912
1455256801000,47104
1455256803000,37888
1455256805000,38912
1455256807000,39936
1455256809000,21504
1455256811000,66560
1455256813000,28672
1455256815000,35840
1455256818000,30037.3333333333
1455256820000,67584
1455256821000,38912
1455256823000,40960
1455256825000,53248
1455256827000,46080
1455256829000,43008
1455256831000,61440
1455256833000,40960
1455256835000,56320
1455256838000,40960
1455256839000,24576
1455256841000,79872
1455256843000,31744
1455256845000,52224
1455256847000,49152
1455256849000,40960
1455256851000,70656
1455256853000,43008
1455256855000,68608
1455256857000,52224
1455256859000,51200
1455256861000,75776
1455256863000,43008
1455256865000,70656
1455256867000,50176
1455256869000,39936
1455256871000,94208
1455256873000,33792
1455256875000,65536
1455256877000,57344
1455256879000,43008
1455256881000,61440
1455256883000,32768
1455256886000,64853.3333333333
1455256887000,10240
1455256889000,43008
1455256891000,65536
1455256893000,33792
1455256895000,60416
1455256897000,41984
1455256899000,30720
1455256901000,79872
1455256903000,26624
1455256906000,64170.6666666667
1455256907000,12288
1455256909000,34816
1455256911000,52224
1455256913000,24576
1455256915000,51200
1455256917000,31744
1455256919000,33792
1455256926000,45348.5714285714
1455256927000,6144
1455256929000,23552
1455256931000,66560
1455256933000,12288
1455256935000,60416
1455256937000,27648
1455256939000,18432
1455256941000,50176
1455256943000,8192
1455256945000,45056
1455256947000,21504
1455256955000,35072
1455256957000,3072
1455256960000,33450.6666666667
1455256961000,38912
1455256963000,8192
1455256965000,45056
1455256967000,21504
1455256969000,10240
1455256971000,34816
1455256973000,6144
1455256975000,28672
1455256977000,16384
1455256979000,10240
1455256981000,35840
1455256983000,5120
1455256986000,28672
1455256987000,6144
1455256989000,10240
1455256991000,35840
1455256993000,5120
1455256995000,28672
1455256998000,12970.6666666667
1455256999000,2048
1455257001000,21504
1455257003000,3072
1455257005000,12288
1455257007000,12288
1455257009000,1024
1455257011000,21504
1455257014000,2048
1455257015000,24576
1455257017000,12288
1455257020000,8192
1455257021000,20480
1455257023000,3072
1455257025000,12288
1455257027000,12288
1455257029000,1024
1455257031000,30720
1455257033000,12288
1455257035000,21504
1455257037000,21504
1455257039000,10240
1455257041000,31744
1455257043000,12288
1455257045000,21504
1455257047000,21504
1455257049000,10240
1455257051000,35840
1455257053000,10240
1455257055000,19456
1455257057000,25600
1455257059000,8192
1455257061000,39936
1455257063000,22528
1455257065000,31744
1455257067000,29696
1455257069000,19456
1455257071000,43008
1455257073000,23552
1455257075000,33792
1455257077000,26624
1455257080000,32768
1455257081000,34816
1455257083000,24576
1455257086000,32768
1455257087000,20480
1455257090000,32768
1455257091000,30720
1455257093000,37888
1455257095000,35840
1455257097000,43008
1455257099000,33792
1455257102000,43690.6666666667
1455257103000,38912
1455257105000,37888
1455257107000,40960
1455257109000,21504
1455257111000,66560
1455257113000,28672
1455257115000,35840
1455257117000,45056
1455257119000,30720
1455257131000,50858.6666666667
1455257132000,36864
1455257133000,36864
1455257135000,52224
1455257137000,47104
1455257139000,30720
1455257141000,79872
1455257143000,31744
1455257145000,54272
1455257147000,47104
1455257149000,40960
1455257151000,70656
1455257154000,47104
1455257155000,81920
1455257157000,52224
1455257159000,52224
1455257161000,74752
1455257163000,43008
1455257165000,68608
1455257167000,52224
1455257169000,39936
1455257171000,94208
1455257173000,33792
1455257175000,66560
1455257178000,38912
1455257179000,77824
1455257181000,61440
1455257183000,32768
1455257185000,62464
1455257187000,39936
1455257189000,43008
1455257191000,65536
1455257193000,33792
1455257195000,60416
1455257197000,40960
1455257200000,49152
1455257201000,75776
1455257203000,26624
1455257205000,62464
1455257207000,38912
1455257209000,35840
1455257211000,52224
1455257213000,24576
1455257215000,50176
1455257217000,32768
1455257219000,33792
1455257221000,54272
1455257223000,21504
1455257225000,50176
1455257227000,35840
1455257229000,23552
1455257231000,66560
1455257233000,12288
1455257235000,60416
1455257237000,27648
1455257239000,21504
1455257241000,49152
1455257243000,8192
1455257246000,42325.3333333333
1455257247000,6144
1455257249000,19456
1455257251000,50176
1455257253000,7168
1455257255000,45056
1455257257000,22528
1455257259000,18432
1455257261000,50176
1455257263000,8192
1455257265000,45056
1455257267000,21504
1455257269000,12288
1455257271000,35840
1455257273000,5120
1455257275000,29696
1455257277000,16384
1455257279000,10240
1455257281000,34816
1455257284000,8874.6666666667
1455257285000,43008
1455257287000,16384
1455257289000,10240
1455257291000,35840
1455257293000,5120
1455257295000,29696
1455257297000,16384
1455257299000,3072
1455257301000,21504
1455257303000,3072
1455257305000,12288
1455257307000,12288
1455257309000,1024
1455257311000,21504
1455257313000,3072
1455257315000,12288
1455257317000,12288
1455257319000,1024
1455257321000,21504
1455257323000,3072
1455257325000,12288
1455257327000,12288
1455257329000,1024
1455257331000,28672
1455257333000,14336
1455257335000,22528
1455257337000,21504
1455257339000,7168
1455257341000,33792
1455257343000,12288
1455257345000,21504
1455257352000,6144
1455257353000,110592
1455257354000,2048
1455257355000,38912
1455257357000,19456
1455257359000,14336
1455257361000,37888
1455257363000,22528
1455257365000,30720
1455257367000,30720
1455257369000,19456
1455257371000,45056
1455257373000,24576
1455257375000,26624
1455257377000,28672
1455257379000,21504
1455257381000,43008
1455257383000,23552
1455257385000,26624
1455257387000,33792
1455257389000,21504
1455257391000,47104
1455257396000,43417.6
1455257397000,16384
1455257399000,26624
1455257401000,56320
1455257403000,37888
1455257405000,30720
1455257407000,44032
1455257409000,25600
1455257411000,59392
1455257413000,28672
1455257415000,35840
1455257417000,45056
1455257419000,24576
1455257421000,65536
1455257423000,37888
1455257425000,53248
1455257427000,51200
1455257429000,35840
1455257431000,68608
1455257433000,40960
1455257435000,52224
1455257437000,45056
1455257439000,35840
1455257441000,70656
1455257443000,30720
1455257445000,54272
1455257447000,50176
1455257449000,32768
1455257456000,68169.1428571429
1455257457000,16384
1455257459000,45056
1455257461000,79872
1455257463000,41984
1455257465000,60416
1455257467000,59392
1455257469000,47104
1455257471000,81920
1455257473000,33792
1455257475000,69632
1455257477000,58368
1455257479000,36864
1455257481000,66560
1455257483000,31744
1455257485000,61440
1455257487000,47104
1455257494000,52077.7142857143
1455257495000,28672
1455257498000,37546.6666666667
1455257499000,45056
1455257501000,75776
1455257503000,18432
1455257505000,65536
1455257507000,49152
1455257509000,25600
1455257511000,55296
1455257513000,21504
1455257515000,52224
1455257517000,37888
1455257519000,26624
1455257521000,56320
1455257523000,21504
1455257525000,58368
1455257527000,32768
1455257529000,23552
1455257531000,61440
1455257533000,12288
1455257535000,56320
1455257537000,36864
1455257539000,19456
1455257541000,45056
1455257543000,7168
1455257545000,52224
1455257547000,19456
1455257549000,19456
1455257551000,49152
1455257553000,3072
1455257555000,51200
1455257557000,20480
1455257559000,19456
1455257561000,45056
1455257563000,8192
1455257565000,52224
1455257567000,19456
1455257569000,12288
1455257572000,25258.6666666667
1455257573000,2048
1455257575000,32768
1455257577000,15360
1455257579000,9216
1455257581000,33792
1455257583000,5120
1455257585000,32768
1455257587000,15360
1455257590000,21162.6666666667
1455257591000,24576
1455257593000,5120
1455257595000,31744
1455257597000,16384
1455257599000,3072
1455257601000,21504
1455257603000,3072
1455257605000,12288
1455257607000,12288
1455257609000,1024
1455257611000,21504
1455257613000,3072
1455257615000,12288
1455257617000,12288
1455257619000,1024
1455257621000,21504
1455257623000,3072
1455257625000,13312
1455257627000,11264
1455257629000,1024
1455257631000,28672
1455257633000,12288
1455257635000,23552
1455257637000,19456
1455257639000,10240
1455257641000,33792
1455257643000,12288
1455257645000,21504
1455257647000,21504
1455257649000,10240
1455257651000,28672
1455257653000,17408
1455257655000,19456
1455257657000,19456
1455257659000,14336
1455257661000,35840
1455257663000,21504
1455257665000,31744
1455257667000,30720
1455257670000,27306.6666666667
1455257671000,40960
1455257673000,24576
1455257675000,26624
1455257677000,28672
1455257679000,21504
1455257681000,47104
1455257684000,16384
1455257685000,53248
1455257687000,32768
1455257689000,15360
1455257691000,54272
1455257693000,35840
1455257695000,35840
1455257698000,32768
1455257699000,45056
1455257701000,56320
1455257704000,30037.3333333333
1455257705000,34816
1455257707000,49152
1455257709000,26624
1455257711000,59392
1455257713000,21504
1455257715000,45056
1455257717000,43008
1455257719000,17408
1455257721000,72704
1455257723000,37888
1455257725000,48128
1455257727000,54272
1455257729000,30720
1455257731000,75776
1455257733000,32768
1455257735000,47104
1455257737000,50176
1455257739000,43008
1455257741000,64512
1455257743000,35840
1455257745000,50176
1455257747000,53248
1455257749000,29696
1455257751000,81920
1455257753000,43008
1455257755000,60416
1455257757000,66560
1455257759000,37888
1455257761000,86016
1455257763000,34816
1455257765000,62464
1455257768000,54613.3333333333
1455257769000,47104
1455257771000,88064
1455257773000,33792
1455257775000,63488
1455257777000,65536
1455257784000,48274.2857142857
1455257785000,38912
1455257787000,56320
1455257789000,25600
1455257791000,75776
1455257793000,29696
1455257795000,49152
1455257797000,59392
1455257800000,35498.6666666667
1455257801000,110592
1455257803000,20480
1455257805000,46080
1455257807000,68608
1455257810000,31402.6666666667
1455257811000,67584
1455257813000,22528
1455257815000,37888
1455257818000,37546.6666666667
1455257819000,22528
1455257821000,66560
1455257823000,22528
1455257825000,37888
1455257827000,51200
1455257829000,19456
1455257831000,62464
1455257844000,5513.8461538462
1455257847000,142677.333333333
1455257848000,12288
1455257853000,409.6
1455257855000,125952
1455257856000,14336
1455257857000,14336
1455257859000,11264
1455257861000,53248
1455257863000,8192
1455257865000,36864
1455257867000,33792
1455257869000,10240
1455257871000,33792
1455257873000,5120
1455257875000,29696
1455257877000,18432
1455257879000,10240
1455257886000,23990.8571428571
1455257887000,6144
1455257889000,9216
1455257891000,33792
1455257893000,5120
1455257895000,28672
1455257897000,19456
1455257899000,3072
1455257901000,22528
1455257903000,2048
1455257905000,13312
1455257907000,12288
1455257909000,0
1455257911000,21504
1455257913000,3072
1455257920000,13458.2857142857
1455257921000,0
1455257923000,3072
1455257925000,14336
1455257928000,7509.3333333333
1455257929000,0
1455257931000,26624
1455257933000,12288
1455257935000,23552
1455257938000,16384
1455257939000,10240
1455257941000,31744
1455257943000,12288
1455257945000,23552
1455257947000,19456
1455257949000,10240
1455257951000,33792
1455257953000,9216
1455257955000,28672
1455257957000,17408
1455257959000,8192
1455257961000,41984
1455257963000,22528
1455257965000,32768
1455257967000,28672
1455257970000,33450.6666666667
1455257971000,24576
1455257973000,17408
1455257976000,36181.3333333333
1455257977000,14336
1455257979000,22528
1455257981000,47104
1455257983000,10240
1455257985000,41984
1455257987000,31744
1455257989000,7168
1455257991000,59392
1455257993000,35840
1455257996000,36181.3333333333
1455257997000,49152
1455257999000,21504
1455258001000,61440
1455258003000,23552
1455258005000,43008
1455258007000,37888
1455258009000,33792
1455258011000,57344
1455258013000,21504
1455258015000,43008
1455258017000,49152
1455258019000,10240
1455258021000,77824
1455258024000,55978.6666666667
1455258025000,71680
1455258027000,57344
1455258029000,23552
1455258031000,77824
1455258033000,28672
1455258035000,52224
1455258037000,52224
1455258039000,35840
1455258042000,62805.3333333333
1455258043000,10240
1455258045000,54272
1455258047000,61440
1455258049000,13312
1455258051000,94208
1455258054000,37546.6666666667
1455258055000,83968
1455258057000,71680
1455258059000,26624
1455258061000,94208
1455258063000,80896
1455258065000,166912
1455258067000,130048
1455258069000,117760
1455258071000,148480
1455258073000,116736
1455258075000,138240
1455258077000,136192
1455258079000,108544
1455258081000,141312
1455258083000,116736
1455258085000,122880
1455258087000,143360
1455258089000,136192
1455258091000,139264
1455258093000,125952
1455258095000,122880
1455258097000,126976
1455258099000,117760
1455258101000,149504
1455258103000,111616
1455258105000,126976
1455258107000,126976
1455258109000,108544
1455258111000,140288
1455258113000,132096
1455258115000,134144
1455258117000,150528
1455258119000,126976
1455258121000,171008
1455258123000,110592
1455258125000,120832
1455258127000,141312
1455258129000,136192
1455258131000,165888
1455258133000,135168
1455258135000,145408
1455258137000,131072
1455258139000,116736
1455258141000,138240
1455258143000,132096
1455258145000,135168
1455258147000,136192
1455258149000,137216
1455258151000,145408
1455258153000,139264
1455258155000,137216
1455258157000,133120
1455258159000,134144
1455258161000,122880
1455258163000,125952
1455258165000,132096
1455258167000,123904
1455258169000,136192
1455258171000,122880
1455258173000,117760
1455258175000,125952
1455258177000,131072
1455258179000,135168
1455258181000,129024
1455258183000,123904
1455258185000,143360
1455258187000,112640
1455258189000,113664
1455258197000,44032
1455258198000,796672
1455258199000,86016
1455258201000,108544
1455258203000,119808
1455258205000,122880
1455258207000,130048
1455258209000,116736
1455258211000,120832
1455258213000,137216
1455258215000,131072
1455258217000,138240
1455258220000,124928
1455258221000,133120
1455258223000,129024
1455258226000,129706.666666667
1455258227000,139264
1455258229000,124928
1455258231000,131072
1455258233000,141312
1455258235000,139264
1455258237000,120832
1455258240000,125610.666666667
1455258241000,139264
1455258243000,159744
1455258245000,136192
1455258247000,132096
1455258249000,140288
1455258251000,132096
1455258253000,131072
1455258255000,137216
1455258258000,106496
1455258260000,82944
1455258266000,17408
1455258267000,831488
1455258269000,102400
1455258276000,121124.571428571
1455258277000,59392
1455258279000,116736
1455258281000,130048
1455258283000,146432
1455258285000,130048
1455258287000,138240
1455258289000,129024
1455258291000,142336
1455258293000,141312
1455258295000,130048
1455258297000,134144
1455258299000,138240
1455258301000,140288
1455258303000,133120
1455258305000,141312
1455258307000,133120
1455258309000,145408
1455258311000,140288
1455258313000,79872
1455258315000,137216
1455258317000,134144
1455258319000,120832
1455258321000,132096
1455258323000,130048
1455258325000,149504
1455258328000,130389.333333333
1455258330000,106496
1455258331000,114688
1455258333000,137216
1455258335000,132096
1455258337000,140288
1455258339000,131072
1455258341000,148480
1455258343000,130048
1455258345000,157696
1455258347000,130048
1455258349000,134144
1455258351000,150528
1455258353000,141312
1455258360000,41545.1428571429
1455258361000,929792
1455258362000,55296
1455258363000,126976
1455258365000,142336
1455258367000,142336
1455258369000,151552
1455258371000,138240
1455258373000,147456
1455258375000,144384
1455258377000,149504
1455258379000,112640
1455258381000,137216
1455258383000,132096
1455258385000,139264
1455258387000,128000
1455258389000,140288
1455258391000,146432
1455258393000,134144
1455258395000,118784
1455258397000,108544
1455258399000,126976
1455258401000,146432
1455258404000,135850.666666667
1455258405000,139264
1455258407000,144384
1455258409000,129024
1455258411000,160768
1455258413000,121856
1455258415000,150528
1455258417000,134144
1455258419000,135168
1455258421000,149504
1455258423000,129024
1455258425000,142336
1455258427000,129024
1455258429000,139264
1455258431000,146432
1455258433000,144384
1455258435000,119808
1455258437000,139264
1455258439000,112640
1455258441000,111616
1455258443000,128000
1455258445000,141312
1455258448000,139946.666666667
1455258449000,96256
1455258451000,162816
1455258458000,147163.428571429
1455258460000,88064
1455258461000,163840
1455258462000,69632
1455258463000,86016
1455258466000,144725.333333333
1455258468000,129024
1455258469000,124928
1455258471000,131072
1455258473000,135168
1455258475000,139264
1455258477000,130048
1455258479000,133120
1455258481000,133120
1455258483000,124928
1455258485000,133120
1455258487000,125952
1455258489000,132096
1455258491000,131072
1455258493000,136192
1455258495000,124928
1455258497000,132096
1455258499000,111616
1455258501000,130048
1455258503000,132096
1455258505000,126976
1455258508000,136533.333333333
1455258509000,143360
1455258511000,143360
1455258513000,131072
1455258515000,134144
1455258517000,136192
1455258519000,135168
1455258521000,145408
1455258523000,120832
1455258525000,146432
1455258527000,132096
1455258529000,131072
1455258531000,118784
1455258533000,112640
1455258535000,107520
1455258537000,141312
1455258539000,137216
1455258541000,141312
1455258543000,133120
1455258545000,128000
1455258547000,134144
1455258549000,124928
1455258551000,138240
1455258553000,129024
1455258555000,126976
1455258557000,142336
1455258559000,95232
1455258561000,132096
1455258563000,106496
1455258565000,116736
1455258567000,123904
1455258569000,110592
1455258571000,113664
1455258573000,126976
1455258575000,123904
1455258577000,122880
1455258580000,109909.333333333
1455258581000,143360
1455258583000,110592
1455258585000,120832
1455258587000,108544
1455258589000,108544
1455258591000,126976
1455258593000,102400
1455258595000,116736
1455258597000,101376
1455258599000,74752
1455258601000,82944
1455258604000,110592
1455258605000,112640
1455258607000,114688
1455258609000,124928
1455258611000,133120
1455258613000,137216
1455258615000,118784
1455258617000,132096
1455258620000,127658.666666667
1455258621000,167936
1455258623000,124928
1455258625000,146432
1455258627000,136192
1455258629000,143360
1455258631000,149504
1455258633000,133120
1455258635000,143360
1455258637000,136192
1455258639000,132096
1455258641000,136192
1455258643000,141312
1455258650000,152137.142857143
1455258651000,96256
1455258653000,96256
1455258655000,139264
1455258657000,151552
1455258659000,123904
1455258661000,151552
1455258663000,134144
1455258666000,146090.666666667
1455258667000,110592
1455258669000,119808
1455258671000,132096
1455258673000,140288
1455258675000,134144
1455258677000,149504
1455258679000,126976
1455258681000,136192
1455258683000,144384
1455258685000,141312
1455258687000,150528
1455258689000,122880
1455258691000,155648
1455258693000,124928
1455258695000,138240
1455258697000,144384
1455258699000,118784
1455258701000,151552
1455258703000,135168
1455258705000,136192
1455258707000,148480
1455258709000,124928
1455258711000,136192
1455258718000,38326.8571428571
1455258719000,802816
1455258720000,233472
1455258721000,73728
1455258723000,132096
1455258725000,139264
1455258727000,144384
1455258729000,128000
1455258731000,131072
1455258733000,129024
1455258735000,125952
1455258737000,119808
1455258739000,121856
1455258741000,121856
1455258743000,138240
1455258745000,133120
1455258747000,139264
1455258749000,125952
1455258751000,154624
1455258753000,136192
1455258755000,130048
1455258757000,139264
1455258759000,128000
1455258761000,146432
1455258763000,133120
1455258765000,137216
1455258767000,138240
1455258769000,131072
1455258771000,134144
1455258773000,134144
1455258775000,139264
1455258777000,128000
1455258779000,128000
1455258781000,136192
1455258783000,133120
1455258785000,133120
1455258787000,137216
1455258789000,122880
1455258791000,138240
1455258793000,144384
1455258795000,121856
1455258797000,134144
1455258799000,121856
1455258801000,103424
1455258803000,121856
1455258805000,124928
1455258807000,121856
1455258809000,133120
1455258811000,138240
1455258813000,118784
1455258815000,119808
1455258817000,115712
1455258819000,111616
1455258821000,109568
1455258823000,111616
1455258825000,99328
1455258827000,113664
1455258829000,118784
1455258831000,120832
1455258833000,134144
1455258835000,109568
1455258837000,114688
1455258839000,124928
1455258841000,123904
1455258843000,120832
1455258845000,137216
1455258847000,119808
1455258849000,129024
1455258851000,136192
1455258853000,113664
1455258855000,138240
1455258857000,118784
1455258859000,107520
1455258861000,120832
1455258863000,132096
1455258870000,36571.4285714286
1455258872000,437248
1455258873000,63488
1455258875000,102400
1455258877000,112640
1455258879000,125952
1455258881000,119808
1455258883000,123904
1455258885000,120832
1455258887000,105472
1455258889000,115712
1455258892000,118784
1455258893000,122880
1455258895000,133120
1455258898000,141994.666666667
1455258899000,139264
1455258901000,142336
1455258903000,144384
1455258905000,136192
1455258907000,133120
1455258909000,148480
1455258911000,138240
1455258913000,144384
1455258915000,147456
1455258917000,129024
1455258919000,128000
1455258921000,135168
1455258923000,136192
1455258925000,144384
1455258927000,125952
1455258930000,143360
1455258931000,131072
1455258933000,129024
1455258935000,142336
1455258937000,115712
1455258939000,111616
1455258941000,133120
1455258943000,139264
1455258945000,126976
1455258947000,110592
1455258949000,123904
1455258951000,123904
1455258953000,124928
1455258955000,100352
1455258957000,124928
1455258959000,134144
1455258961000,140288
1455258963000,123904
1455258965000,141312
1455258967000,112640
1455258969000,126976
1455258971000,118784
1455258973000,132096
1455258975000,106496
1455258977000,106496
1455258979000,108544
1455258981000,110592
1455258983000,120832
1455258985000,124928
1455258987000,130048
1455258989000,123904
1455258991000,141312
1455258993000,129024
1455258996000,137898.666666667
1455258997000,153600
1455258999000,142336
1455259001000,136192
1455259004000,139264
1455259005000,155648
1455259007000,116736
1455259009000,119808
1455259011000,140288
1455259013000,142336
1455259015000,145408
1455259017000,147456
1455259019000,140288
1455259021000,149504
1455259024000,143360
1455259025000,118784
1455259027000,148480
1455259029000,130048
1455259031000,151552
1455259033000,133120
1455259035000,159744
1455259037000,132096
1455259039000,149504
1455259041000,129024
1455259043000,137216
1455259045000,135168
1455259047000,147456
1455259049000,123904
1455259051000,155648
1455259053000,147456
1455259055000,131072
1455259057000,137216
1455259059000,137216
1455259066000,154185.142857143
1455259067000,38912
1455259069000,133120
1455259071000,151552
1455259073000,117760
1455259075000,123904
1455259077000,123904
1455259079000,141312
1455259081000,149504
1455259083000,138240
1455259085000,140288
1455259088000,131754.666666667
1455259089000,153600
1455259091000,153600
1455259093000,134144
1455259095000,152576
1455259097000,125952
1455259099000,126976
1455259101000,137216
1455259103000,140288
1455259105000,124928
1455259107000,135168
1455259109000,140288
1455259111000,117760
1455259113000,140288
1455259115000,139264
1455259122000,39204.5714285714
1455259123000,868352
1455259128000,6144
1455259129000,815104
1455259130000,65536
1455259131000,151552
1455259133000,147456
1455259135000,141312
1455259137000,135168
1455259140000,129024
1455259141000,86016
1455259143000,126976
1455259145000,129024
1455259148000,132437.333333333
1455259149000,155648
1455259151000,147456
1455259153000,136192
1455259155000,143360
1455259157000,123904
1455259159000,135168
1455259161000,128000
1455259163000,158720
1455259165000,130048
1455259167000,140288
1455259169000,141312
1455259171000,146432
1455259173000,147456
1455259175000,144384
1455259177000,131072
1455259179000,148480
1455259181000,146432
1455259183000,142336
1455259185000,150528
1455259187000,131072
1455259189000,144384
1455259191000,153600
1455259193000,138240
1455259195000,147456
1455259202000,152137.142857143
1455259204000,117760
1455259205000,53248
1455259207000,108544
1455259209000,122880
1455259211000,150528
1455259213000,141312
1455259215000,148480
1455259217000,114688
1455259219000,133120
1455259221000,132096
1455259223000,147456
1455259225000,137216
1455259228000,150869.333333333
1455259229000,143360
1455259231000,138240
1455259233000,133120
1455259235000,148480
1455259237000,148480
1455259239000,146432
1455259241000,152576
1455259244000,151552
1455259245000,139264
1455259247000,148480
1455259250000,144042.666666667
1455259251000,147456
1455259253000,140288
1455259255000,149504
1455259257000,138240
1455259259000,145408
1455259261000,161792
1455259263000,150528
1455259268000,151961.6
1455259269000,96256
1455259271000,128000
1455259273000,134144
1455259275000,131072
1455259277000,148480
1455259279000,131072
1455259281000,153600
1455259283000,143360
1455259285000,136192
1455259287000,143360
1455259289000,142336
1455259292000,158378.666666667
1455259293000,106496
1455259295000,129024
1455259298000,152917.333333333
1455259299000,141312
1455259301000,136192
1455259303000,143360
1455259305000,139264
1455259308000,144042.666666667
1455259309000,135168
1455259311000,165888
1455259313000,128000
1455259315000,135168
1455259317000,140288
1455259319000,146432
1455259321000,125952
1455259323000,128000
1455259325000,129024
1455259327000,110592
1455259329000,131072
1455259331000,142336
1455259333000,143360
1455259335000,136192
1455259337000,120832
1455259339000,83968
1455259341000,72704
1455259343000,108544
1455259346000,114688
1455259347000,133120
1455259349000,130048
1455259351000,117760
1455259353000,112640
1455259355000,100352
1455259357000,125952
1455259359000,103424
1455259362000,137898.666666667
1455259363000,186368
1455259365000,126976
1455259368000,127658.666666667
1455259369000,131072
1455259371000,140288
1455259373000,107520
1455259375000,113664
1455259377000,126976
1455259379000,120832
1455259381000,137216
1455259383000,122880
1455259385000,118784
1455259387000,95232
1455259389000,110592
1455259391000,92160
1455259393000,93184
1455259395000,107520
1455259397000,93184
1455259399000,89088
1455259401000,93184
1455259403000,100352
1455259405000,89088
1455259407000,98304
1455259409000,81920
1455259411000,90112
1455259413000,100352
1455259415000,138240
1455259417000,123904
1455259419000,135168
1455259421000,114688
1455259423000,129024
1455259425000,122880
1455259427000,136192
1455259429000,126976
1455259436000,42130.2857142857
1455259437000,956416
1455259439000,74752
1455259441000,146432
1455259443000,133120
1455259445000,145408
1455259447000,131072
1455259449000,139264
1455259451000,149504
1455259453000,143360
1455259455000,149504
1455259457000,128000
1455259459000,145408
1455259461000,119808
1455259463000,133120
1455259465000,148480
1455259467000,134144
1455259469000,155648
1455259471000,141312
1455259474000,146090.666666667
1455259475000,139264
1455259477000,98304
1455259479000,108544
1455259481000,131072
1455259483000,135168
1455259485000,133120
1455259487000,126976
1455259490000,152917.333333333
1455259491000,129024
1455259493000,149504
1455259495000,129024
1455259497000,146432
1455259499000,134144
1455259501000,140288
1455259503000,133120
1455259505000,137216
1455259507000,140288
1455259509000,146432
1455259511000,140288
1455259513000,139264
1455259515000,147456
1455259517000,142336
1455259519000,131072
1455259521000,136192
1455259523000,155648
1455259525000,139264
1455259527000,151552
1455259530000,136533.333333333
1455259531000,184320
1455259533000,142336
1455259535000,141312
1455259537000,155648
1455259539000,139264
1455259541000,116736
1455259543000,112640
1455259545000,89088
1455259547000,109568
1455259549000,122880
1455259551000,111616
1455259553000,130048
1455259555000,111616
1455259557000,124928
1455259559000,124928
1455259561000,135168
1455259563000,113664
1455259565000,118784
1455259567000,109568
1455259569000,133120
1455259571000,117760
1455259573000,128000
1455259575000,119808
1455259577000,136192
1455259579000,102400
1455259581000,92160
1455259583000,137216
1455259585000,156672
1455259587000,143360
1455259589000,136192
1455259591000,155648
1455259593000,135168
1455259595000,155648
1455259597000,131072
1455259600000,133120
1455259606000,172373.333333333
1455259607000,98304
1455259609000,87040
1455259611000,114688
1455259613000,136192
1455259615000,120832
1455259617000,150528
1455259619000,136192
1455259621000,133120
1455259623000,150528
1455259626000,141994.666666667
1455259627000,122880
1455259629000,136192
1455259631000,143360
1455259633000,164864
1455259635000,126976
1455259637000,141312
1455259639000,113664
1455259641000,144384
1455259648000,38326.8571428571
1455259649000,909312
1455259650000,45056
1455259651000,149504
1455259653000,145408
1455259655000,116736
1455259658000,142677.333333333
1455259659000,129024
1455259661000,155648
1455259663000,148480
1455259665000,132096
1455259672000,156818.285714286
1455259673000,151552
1455259675000,84992
1455259677000,87040
1455259679000,131072
1455259681000,139264
1455259683000,134144
1455259685000,139264
1455259687000,134144
1455259689000,142336
1455259691000,142336
1455259693000,145408
1455259695000,133120
1455259697000,146432
1455259699000,120832
1455259701000,133120
1455259703000,132096
1455259705000,140288
1455259707000,134144
1455259709000,137216
1455259711000,147456
1455259713000,134144
1455259715000,139264
1455259717000,133120
1455259720000,141994.666666667
1455259721000,122880
1455259723000,141312
1455259725000,126976
1455259727000,135168
1455259729000,142336
1455259731000,139264
1455259733000,121856
1455259735000,136192
1455259737000,142336
1455259739000,128000
1455259741000,147456
1455259743000,113664
1455259745000,117760
1455259747000,144384
1455259749000,131072
1455259751000,143360
1455259753000,153600
1455259755000,140288
1455259757000,136192
1455259759000,77824
1455259761000,121856
1455259763000,66560
1455259765000,70656
1455259767000,66560
1455259769000,64512
1455259771000,67584
1455259773000,97280
1455259775000,119808
1455259777000,132096
1455259779000,132096
1455259781000,142336
1455259783000,124928
1455259785000,141312
1455259787000,128000
1455259790000,148138.666666667
1455259791000,143360
1455259793000,144384
1455259795000,142336
1455259797000,129024
1455259799000,140288
1455259801000,154624
1455259803000,135168
1455259805000,140288
1455259807000,143360
1455259810000,126293.333333333
1455259811000,104448
1455259813000,134144
1455259815000,144384
1455259817000,137216
1455259819000,120832
1455259821000,122880
1455259823000,148480
1455259825000,137216
1455259827000,150528
1455259829000,145408
1455259831000,167936
1455259833000,126976
1455259835000,148480
1455259837000,123904
1455259839000,133120
1455259841000,128000
1455259843000,153600
1455259845000,141312
1455259847000,149504
1455259849000,164864
1455259851000,156672
1455259853000,148480
1455259855000,128000
1455259857000,155648
1455259859000,147456
1455259861000,160768
1455259863000,134144
1455259865000,151552
1455259867000,150528
1455259869000,143360
1455259871000,154624
1455259873000,152576
1455259875000,116736
1455259877000,135168
1455259879000,101376
1455259881000,121856
1455259883000,121856
1455259885000,145408
1455259887000,119808
1455259889000,150528
1455259891000,139264
1455259893000,136192
1455259895000,146432
1455259897000,128000
1455259899000,136192
1455259901000,131072
1455259903000,154624
1455259905000,125952
1455259907000,154624
1455259909000,143360
1455259911000,149504
1455259913000,151552
1455259915000,117760
1455259917000,146432
1455259919000,149504
1455259921000,142336
1455259923000,163840
1455259925000,125952
1455259927000,148480
1455259929000,147456
1455259931000,137216
1455259933000,143360
1455259935000,121856
1455259938000,134485.333333333
1455259939000,133120
1455259941000,110592
1455259944000,129024
1455259945000,88064
1455259948000,148138.666666667
1455259949000,114688
1455259951000,133120
1455259953000,144384
1455259955000,126976
1455259957000,145408
1455259964000,39204.5714285714
1455259966000,544768
1455259967000,32768
1455259969000,120832
1455259971000,143360
1455259973000,136192
1455259975000,145408
1455259977000,140288
1455259979000,137216
1455259981000,146432
1455259983000,144384
1455259985000,114688
1455259987000,144384
1455259989000,142336
1455259991000,138240
1455259993000,143360
1455259995000,119808
1455259997000,141312
1455259999000,132096
1455260001000,130048
1455260003000,149504
1455260005000,144384
1455260007000,130048
1455260009000,135168
1455260011000,135168
1455260013000,113664
1455260015000,109568
1455260017000,117760
1455260019000,122880
1455260021000,137216
1455260023000,151552
1455260025000,139264
1455260027000,116736
1455260029000,141312
1455260031000,130048
1455260033000,131072
1455260035000,131072
1455260037000,143360
1455260039000,137216
1455260041000,136192
1455260043000,138240
1455260045000,140288
1455260047000,154624
1455260049000,136192
1455260051000,108544
1455260053000,136192
1455260055000,140288
1455260057000,124928
1455260059000,120832
1455260061000,135168
1455260063000,134144
1455260065000,110592
1455260067000,152576
1455260069000,126976
1455260071000,136192
1455260073000,131072
1455260080000,122294.857142857
1455260081000,90112
1455260083000,95232
1455260085000,135168
1455260087000,122880
1455260089000,115712
1455260091000,117760
1455260093000,110592
1455260095000,126976
1455260097000,94208
1455260099000,131072
1455260101000,146432
1455260103000,137216
1455260105000,134144
1455260108000,144042.666666667
1455260109000,141312
1455260111000,141312
1455260113000,173056
1455260115000,128000
1455260117000,132096
1455260119000,118784
1455260121000,118784
1455260123000,141312
1455260125000,133120
1455260127000,141312
1455260129000,141312
1455260131000,142336
1455260134000,147456
1455260135000,149504
1455260137000,143360
1455260140000,171349.333333333
1455260141000,116736
1455260143000,151552
1455260145000,125952
1455260147000,130048
1455260149000,128000
1455260151000,114688
1455260153000,143360
1455260155000,140288
1455260157000,138240
1455260159000,140288
1455260161000,130048
1455260163000,146432
1455260165000,142336
1455260168000,138581.333333333
1455260169000,163840
1455260171000,149504
1455260173000,150528
1455260175000,130048
1455260177000,159744
1455260179000,129024
1455260181000,130048
1455260183000,119808
1455260185000,145408
1455260187000,141312
1455260189000,157696
1455260191000,132096
1455260193000,145408
1455260195000,141312
1455260197000,153600
1455260199000,139264
1455260201000,154624
1455260203000,148480
1455260205000,158720
1455260207000,126976
1455260209000,165888
1455260211000,135168
1455260213000,135168
1455260215000,104448
1455260217000,114688
1455260219000,130048
1455260221000,128000
1455260223000,149504
1455260225000,135168
1455260227000,151552
1455260229000,134144
1455260231000,133120
1455260233000,137216
1455260235000,139264
1455260237000,150528
1455260240000,126976
1455260241000,149504
1455260243000,142336
1455260245000,139264
1455260247000,131072
1455260249000,146432
1455260251000,151552
1455260253000,135168
1455260256000,148138.666666667
1455260257000,120832
1455260259000,147456
1455260261000,145408
1455260263000,149504
1455260265000,126976
1455260268000,152917.333333333
1455260269000,151552
1455260271000,135168
1455260273000,138240
1455260275000,138240
1455260277000,136192
1455260280000,136533.333333333
1455260286000,22869.3333333333
1455260287000,845824
1455260288000,63488
1455260289000,143360
1455260291000,138240
1455260293000,137216
1455260295000,135168
1455260297000,137216
1455260302000,141721.6
1455260303000,116736
1455260305000,131072
1455260307000,138240
1455260309000,142336
1455260311000,143360
1455260313000,135168
1455260315000,125952
1455260317000,137216
1455260319000,154624
1455260323000,74240
1455260327000,196096
1455260332000,147456
1455260335000,131072
1455260336000,286720
1455260337000,106496
1455260339000,103424
1455260341000,136192
1455260343000,142336
1455260345000,119808
1455260347000,145408
1455260349000,120832
1455260351000,122880
1455260353000,131072
1455260355000,136192
1455260357000,145408
1455260359000,154624
1455260361000,116736
1455260366000,148684.8
1455260367000,110592
1455260369000,146432
1455260371000,135168
1455260373000,152576
1455260375000,134144
1455260377000,133120
1455260379000,144384
1455260381000,150528
1455260383000,137216
1455260386000,138581.333333333
1455260387000,122880
1455260389000,142336
1455260391000,131072
1455260393000,139264
1455260395000,139264
1455260397000,140288
1455260399000,145408
1455260401000,140288
1455260403000,155648
1455260405000,123904
1455260407000,150528
1455260409000,139264
1455260411000,145408
1455260413000,144384
1455260415000,132096
1455260417000,154624
1455260419000,136192
1455260421000,139264
1455260424000,137216
1455260425000,102400
1455260427000,126976
1455260429000,144384
1455260431000,137216
1455260433000,151552
1455260435000,145408
1455260437000,137216
1455260439000,154624
1455260441000,135168
1455260443000,133120
1455260445000,137216
1455260447000,149504
1455260450000,148821.333333333
1455260451000,118784
1455260453000,140288
1455260455000,119808
1455260457000,141312
1455260459000,147456
1455260461000,132096
1455260463000,147456
1455260465000,145408
1455260467000,143360
1455260469000,155648
1455260471000,139264
1455260473000,154624
1455260475000,133120
1455260477000,144384
1455260479000,135168
1455260482000,133802.666666667
1455260483000,131072
1455260485000,131072
1455260487000,139264
1455260489000,157696
1455260491000,137216
1455260493000,132096
1455260495000,107520
1455260497000,138240
1455260499000,152576
1455260501000,135168
1455260503000,145408
1455260505000,145408
1455260507000,145408
1455260509000,142336
1455260511000,125952
1455260513000,147456
1455260515000,130048
1455260517000,139264
1455260519000,155648
1455260521000,141312
1455260523000,147456
1455260525000,132096
1455260527000,147456
1455260529000,138240
1455260531000,136192
1455260533000,142336
1455260535000,139264
1455260537000,129024
1455260539000,125952
1455260541000,125952
1455260543000,146432
1455260545000,147456
1455260547000,126976
1455260549000,146432
1455260551000,143360
1455260553000,155648
1455260556000,137216
1455260557000,126976
1455260559000,143360
1455260561000,114688
1455260563000,144384
1455260565000,132096
1455260567000,139264
1455260569000,140288
1455260571000,133120
1455260573000,143360
1455260575000,141312
1455260577000,132096
1455260580000,145408
1455260581000,139264
1455260583000,148480
1455260585000,138240
1455260587000,133120
1455260589000,143360
1455260591000,143360
1455260593000,148480
1455260595000,134144
1455260597000,129024
1455260599000,128000
1455260601000,115712
1455260603000,145408
1455260605000,126976
1455260607000,143360
1455260609000,134144
1455260612000,142677.333333333
1455260613000,135168
1455260615000,141312
1455260617000,151552
1455260619000,140288
1455260621000,143360
1455260623000,147456
1455260625000,117760
1455260627000,110592
1455260629000,133120
1455260631000,135168
1455260633000,150528
1455260635000,120832
1455260637000,137216
1455260639000,133120
1455260641000,135168
1455260643000,150528
1455260645000,125952
1455260647000,145408
1455260649000,137216
1455260651000,131072
1455260653000,149504
1455260655000,138240
1455260657000,147456
1455260659000,146432
1455260661000,130048
1455260663000,152576
1455260665000,131072
1455260667000,144384
1455260669000,142336
1455260671000,146432
1455260673000,164864
1455260675000,130048
1455260677000,139264
1455260679000,148480
1455260681000,128000
1455260686000,145408
1455260687000,86016
1455260689000,144384
1455260692000,129706.666666667
1455260693000,110592
1455260695000,128000
1455260697000,133120
1455260699000,148480
1455260701000,136192
1455260703000,150528
1455260705000,135168
1455260707000,149504
1455260714000,163254.857142857
1455260715000,59392
1455260717000,113664
1455260720000,128341.333333333
1455260721000,135168
1455260723000,146432
1455260725000,122880
1455260727000,150528
1455260729000,143360
1455260731000,149504
1455260733000,146432
1455260735000,130048
1455260737000,145408
1455260739000,146432
1455260741000,137216
1455260743000,145408
1455260745000,144384
1455260747000,138240
1455260749000,157696
1455260751000,132096
1455260753000,149504
1455260755000,137216
1455260757000,133120
1455260759000,130048
1455260761000,100352
1455260763000,156672
1455260765000,136192
1455260767000,176128
1455260769000,135168
1455260771000,145408
1455260773000,153600
1455260775000,140288
1455260777000,150528
1455260779000,113664
1455260781000,99328
1455260783000,146432
1455260785000,134144
1455260787000,146432
1455260789000,143360
1455260791000,130048
1455260793000,148480
1455260795000,128000
1455260797000,133120
1455260799000,136192
1455260801000,140288
1455260804000,159744
1455260805000,143360
1455260807000,143360
1455260809000,149504
1455260811000,129024
1455260813000,151552
1455260815000,125952
1455260817000,143360
1455260819000,152576
1455260821000,130048
1455260823000,139264
1455260825000,130048
1455260827000,114688
1455260829000,149504
1455260832000,138581.333333333
1455260833000,153600
1455260835000,139264
1455260837000,131072
1455260839000,133120
1455260841000,126976
1455260843000,143360
1455260845000,145408
1455260847000,139264
1455260849000,153600
1455260851000,125952
1455260853000,146432
1455260855000,128000
1455260857000,138240
1455260859000,146432
1455260861000,140288
1455260863000,158720
1455260865000,141312
1455260867000,138240
1455260869000,143360
1455260871000,125952
1455260873000,144384
1455260875000,129024
1455260877000,136192
1455260884000,151552
1455260885000,116736
1455260887000,113664
1455260889000,133120
1455260891000,117760
1455260893000,120832
1455260896000,122880
1455260897000,126976
1455260900000,124928
1455260901000,129024
1455260903000,151552
1455260905000,128000
1455260907000,137216
1455260909000,138240
1455260911000,125952
1455260913000,133120
1455260915000,132096
1455260917000,136192
1455260919000,137216
1455260921000,149504
1455260923000,136192
1455260930000,155940.571428571
1455260931000,28672
1455260933000,140288
1455260935000,139264
1455260937000,140288
1455260939000,151552
1455260941000,140288
1455260943000,154624
1455260945000,117760
1455260947000,139264
1455260949000,137216
1455260951000,141312
1455260953000,149504
1455260955000,142336
1455260957000,123904
1455260959000,99328
1455260961000,102400
1455260963000,139264
1455260965000,131072
1455260967000,133120
1455260970000,146773.333333333
1455260971000,104448
1455260973000,142336
1455260975000,132096
1455260978000,154965.333333333
1455260979000,165888
1455260981000,129024
1455260988000,42715.4285714286
1455260989000,897024
1455260991000,98304
1455260993000,144384
1455260995000,137216
1455260997000,143360
1455260999000,138240
1455261001000,142336
1455261003000,155648
1455261005000,130048
1455261007000,154624
1455261010000,144725.333333333
1455261011000,184320
1455261013000,144384
1455261015000,134144
1455261017000,145408
1455261019000,119808
1455261021000,123904
1455261023000,135168
1455261025000,102400
1455261027000,122880
1455261029000,137216
1455261031000,145408
1455261033000,140288
1455261035000,143360
1455261037000,147456
1455261039000,144384
1455261041000,138240
1455261043000,174080
1455261045000,124928
1455261047000,137216
1455261049000,152576
1455261051000,143360
1455261053000,150528
1455261055000,126976
1455261057000,134144
1455261059000,138240
1455261061000,131072
1455261063000,152576
1455261065000,110592
1455261068000,153600
1455261069000,122880
1455261071000,135168
1455261073000,146432
1455261075000,139264
1455261077000,135168
1455261079000,136192
1455261081000,105472
1455261083000,130048
1455261085000,137216
1455261087000,144384
1455261089000,155648
1455261091000,116736
1455261093000,135168
1455261095000,118784
1455261097000,143360
1455261104000,41837.7142857143
1455261105000,886784
1455261106000,245760
1455261108000,90112
1455261109000,159744
1455261111000,119808
1455261113000,156672
1455261115000,143360
1455261117000,133120
1455261120000,141994.666666667
1455261121000,137216
1455261123000,147456
1455261125000,140288
1455261127000,136192
1455261129000,149504
1455261131000,119808
1455261133000,149504
1455261135000,137216
1455261137000,140288
1455261139000,149504
1455261141000,135168
1455261143000,129024
1455261145000,137216
1455261147000,139264
1455261149000,144384
1455261151000,123904
1455261153000,151552
1455261155000,137216
1455261157000,140288
1455261159000,110592
1455261161000,126976
1455261163000,136192
1455261165000,142336
1455261167000,128000
1455261169000,147456
1455261171000,136192
1455261173000,153600
1455261175000,129024
1455261178000,141994.666666667
1455261179000,124928
1455261181000,143360
1455261183000,151552
1455261185000,137216
1455261187000,135168
1455261189000,140288
1455261191000,137216
1455261193000,149504
1455261195000,129024
1455261197000,144384
1455261199000,122880
1455261201000,131072
1455261203000,142336
1455261205000,131072
1455261207000,132096
1455261209000,139264
1455261211000,148480
1455261213000,133120
1455261215000,138240
1455261217000,126976
1455261219000,147456
1455261221000,132096
1455261223000,140288
1455261225000,124928
1455261228000,119466.666666667
1455261229000,139264
1455261231000,130048
1455261233000,136192
1455261235000,142336
1455261237000,139264
1455261239000,137216
1455261241000,132096
1455261243000,137216
1455261245000,149504
1455261247000,128000
1455261254000,157110.857142857
1455261255000,36864
1455261257000,122880
1455261259000,112640
1455261261000,136192
1455261263000,137216
1455261265000,141312
1455261268000,139946.666666667
1455261269000,133120
1455261271000,148480
1455261273000,144384
1455261275000,153600
1455261277000,147456
1455261279000,131072
1455261281000,141312
1455261283000,141312
1455261285000,144384
1455261287000,150528
1455261289000,136192
1455261291000,149504
1455261293000,121856
1455261295000,112640
1455261297000,117760
1455261299000,133120
1455261301000,137216
1455261303000,136192
1455261305000,139264
1455261307000,150528
1455261309000,143360
1455261311000,160768
1455261313000,126976
1455261315000,143360
1455261317000,134144
1455261319000,135168
1455261321000,134144
1455261323000,143360
1455261325000,138240
1455261327000,148480
1455261329000,129024
1455261331000,147456
1455261338000,41252.5714285714
1455261339000,987136
1455261341000,88064
1455261343000,147456
1455261345000,145408
1455261348000,148821.333333333
1455261349000,143360
1455261351000,156672
1455261353000,137216
1455261355000,141312
1455261357000,144384
1455261359000,129024
1455261361000,130048
1455261363000,132096
1455261365000,136192
1455261367000,134144
1455261369000,154624
1455261371000,140288
1455261373000,150528
1455261376000,156330.666666667
1455261377000,139264
1455261379000,117760
1455261386000,158573.714285714
1455261387000,49152
1455261389000,133120
1455261391000,137216
1455261393000,151552
1455261395000,138240
1455261397000,134144
1455261399000,141312
1455261401000,140288
1455261403000,146432
1455261405000,139264
1455261407000,138240
1455261409000,138240
1455261412000,138581.333333333
1455261413000,143360
1455261415000,132096
1455261417000,144384
1455261419000,140288
1455261421000,141312
1455261423000,154624
1455261425000,146432
1455261427000,138240
1455261429000,112640
1455261431000,117760
1455261433000,151552
1455261435000,137216
1455261443000,56320
1455261448000,306790.4
1455261449000,176128
1455261450000,102400
1455261451000,63488
1455261454000,142677.333333333
1455261455000,145408
1455261457000,142336
1455261459000,156672
1455261461000,129024
1455261463000,148480
1455261465000,141312
1455261468000,138581.333333333
1455261469000,139264
1455261471000,139264
1455261473000,143360
1455261476000,144725.333333333
1455261477000,147456
1455261479000,141312
1455261481000,131072
1455261483000,144384
1455261485000,132096
1455261487000,143360
1455261489000,139264
1455261491000,155648
1455261493000,122880
1455261495000,132096
1455261497000,107520
1455261499000,102400
1455261501000,136192
1455261503000,150528
1455261505000,132096
1455261507000,148480
1455261509000,136192
1455261511000,143360
1455261513000,142336
1455261515000,139264
1455261517000,131072
1455261519000,140288
1455261522000,138581.333333333
1455261523000,129024
1455261525000,150528
1455261527000,123904
1455261529000,146432
1455261532000,135850.666666667
1455261533000,139264
1455261535000,135168
1455261537000,143360
1455261539000,149504
1455261541000,131072
1455261544000,141312
1455261545000,137216
1455261547000,138240
1455261554000,36278.8571428571
1455261555000,964608
1455261557000,92160
1455261559000,121856
1455261561000,134144
1455261563000,122880
1455261565000,111616
1455261567000,137216
1455261569000,128000
1455261571000,132096
1455261573000,151552
1455261575000,133120
1455261577000,151552
1455261579000,151552
1455261581000,129024
1455261584000,147456
1455261585000,141312
1455261587000,145408
1455261589000,145408
1455261591000,128000
1455261593000,146432
1455261595000,150528
1455261597000,158720
1455261599000,134144
1455261601000,150528
1455261603000,138240
1455261605000,139264
1455261607000,142336
1455261619000,23893.3333333333
1455261620000,1675264
1455261621000,24576
1455261622000,106496
1455261623000,172032
1455261625000,138240
1455261627000,154624
1455261629000,128000
1455261631000,125952
1455261633000,155648
1455261635000,118784
1455261637000,145408
1455261639000,138240
1455261641000,134144
1455261643000,147456
1455261645000,155648
1455261652000,40667.4285714286
1455261653000,958464
1455261654000,40960
1455261655000,118784
1455261657000,145408
1455261659000,145408
1455261661000,139264
1455261663000,152576
1455261665000,145408
1455261667000,131072
1455261669000,163840
1455261672000,141994.666666667
1455261674000,152576
1455261675000,135168
1455261677000,140288
1455261679000,131072
1455261681000,132096
1455261683000,123904
1455261685000,138240
1455261687000,147456
1455261689000,142336
1455261692000,146090.666666667
1455261693000,147456
1455261695000,143360
1455261697000,109568
1455261699000,136192
1455261702000,133120
1455261703000,178176
1455261705000,137216
1455261707000,147456
1455261709000,128000
1455261717000,55808
1455261718000,931840
1455261719000,65536
1455261721000,147456
1455261723000,138240
1455261726000,145408
1455261727000,129024
1455261729000,150528
1455261736000,40667.4285714286
1455261740000,329728
1455261741000,108544
1455261743000,104448
1455261745000,145408
1455261747000,134144
1455261749000,148480
1455261751000,143360
1455261753000,145408
1455261755000,143360
1455261757000,148480
1455261759000,132096
1455261761000,142336
1455261763000,130048
1455261765000,133120
1455261772000,30720
1455261773000,921600
1455261774000,92160
1455261776000,146432
1455261777000,112640
1455261779000,125952
1455261781000,149504
1455261783000,147456
1455261785000,139264
1455261787000,135168
1455261789000,139264
1455261791000,148480
1455261793000,131072
1455261795000,138240
1455261797000,147456
1455261799000,116736
1455261801000,126976
1455261803000,149504
1455261805000,120832
1455261812000,42130.2857142857
1455261814000,528384
1455261815000,135168
1455261817000,92160
1455261819000,128000
1455261821000,143360
1455261823000,133120
1455261825000,145408
1455261827000,134144
1455261829000,134144
1455261831000,149504
1455261833000,139264
1455261835000,116736
1455261837000,133120
1455261839000,142336
1455261841000,143360
1455261843000,148480
1455261845000,122880
1455261847000,141312
1455261849000,137216
1455261851000,139264
1455261853000,154624
1455261856000,139946.666666667
1455261857000,129024
1455261859000,123904
1455261861000,132096
1455261863000,150528
1455261865000,126976
1455261867000,152576
1455261869000,130048
1455261871000,138240
1455261873000,158720
1455261875000,122880
1455261877000,132096
1455261879000,140288
1455261881000,136192
1455261883000,149504
1455261885000,144384
1455261887000,139264
1455261889000,139264
1455261891000,144384
1455261893000,149504
1455261895000,144384
1455261897000,149504
1455261899000,129024
1455261901000,152576
1455261903000,120832
1455261905000,122880
1455261907000,121856
1455261909000,137216
1455261911000,137216
1455261913000,164864
1455261915000,121856
1455261917000,149504
1455261919000,124928
1455261921000,137216
1455261923000,131072
1455261925000,156672
1455261927000,134144
1455261929000,141312
1455261931000,145408
1455261933000,152576
1455261936000,150869.333333333
1455261937000,94208
1455261939000,155648
1455261941000,163840
1455261944000,100352
1455261948000,150016
1455261955000,133120
1455261960000,184729.6
1455261963000,141994.666666667
1455261966000,174762.666666667
1455261972000,68608
1455261979000,182272
1455261985000,152917.333333333
1455261987000,158720
1455261988000,198656
1455261989000,198656
1455261990000,98304
1455261991000,178176
1455261992000,165888
1455261994000,80896
1455261995000,206848
1455261996000,229376
1455261997000,143360
1455261998000,137216
1455261999000,131072
1455262000000,86016
1455262003000,69632
1455262005000,238592
1455262008000,116053.333333333
1455262012000,192000
1455262013000,190464
1455262014000,96256
1455262015000,186368
1455262017000,106496
1455262019000,135168
1455262021000,152576
1455262023000,151552
1455262025000,130048
1455262027000,141312
1455262029000,142336
1455262031000,136192
1455262033000,159744
1455262035000,123904
1455262038000,149504
1455262039000,118784
1455262041000,129024
1455262043000,153600
1455262045000,138240
1455262047000,129024
1455262049000,146432
1455262051000,136192
1455262053000,143360
1455262055000,145408
1455262057000,132096
1455262059000,110592
1455262061000,132096
1455262064000,143360
1455262070000,156330.666666667
1455262071000,135168
1455262074000,113322.666666667
1455262075000,129024
1455262078000,138581.333333333
1455262079000,129024
1455262081000,143360
1455262083000,135168
1455262085000,132096
1455262087000,137216
1455262089000,159744
1455262091000,146432
1455262093000,122880
1455262096000,137216
1455262097000,124928
1455262099000,153600
1455262102000,81237.3333333333
1455262103000,344064
1455262105000,96256
1455262107000,140288
1455262109000,140288
1455262111000,135168
1455262113000,140288
1455262115000,126976
1455262117000,133120
1455262119000,155648
1455262121000,119808
1455262123000,158720
1455262125000,151552
1455262127000,120832
1455262129000,147456
1455262131000,126976
1455262133000,161792
1455262135000,120832
1455262137000,124928
1455262139000,132096
1455262141000,117760
1455262143000,136192
1455262145000,136192
1455262147000,138240
1455262149000,145408
1455262151000,131072
1455262153000,131072
1455262155000,140288
1455262157000,146432
1455262159000,121856
1455262161000,124928
1455262163000,143360
1455262165000,142336
1455262167000,146432
1455262169000,144384
1455262171000,136192
1455262173000,130048
1455262175000,144384
1455262177000,132096
1455262179000,143360
1455262181000,137216
1455262183000,140288
1455262185000,132096
1455262187000,142336
1455262189000,138240
1455262191000,152576
1455262194000,109226.666666667
1455262195000,253952
1455262197000,124928
1455262199000,153600
1455262201000,123904
1455262203000,129024
1455262205000,131072
1455262207000,138240
1455262209000,111616
1455262211000,145408
1455262213000,132096
1455262215000,146432
1455262217000,135168
1455262219000,131072
1455262221000,146432
1455262223000,135168
1455262226000,159744
1455262227000,126976
1455262229000,169984
1455262231000,156672
1455262233000,130048
1455262298000,158924.8
1455262304000,15018.6666666667
1455262305000,894976
1455262306000,126976
1455262307000,118784
1455262308000,159744
1455262317000,162929.777777778
1455262318000,145408
1455262319000,36864
1455262324000,11059.2
1455262325000,1005568
1455262327000,125952
1455262328000,120832
1455262329000,139264
1455262330000,137216
1455262331000,45056
1455262332000,174080
1455262333000,190464
1455262334000,114688
1455262335000,280576
1455262336000,178176
1455262337000,43008
1455262339000,200704
1455262341000,204800
1455262344000,165205.333333333
1455262345000,176128
1455262348000,164522.666666667
1455262349000,165888
1455262351000,186368
1455262354000,165205.333333333
1455262355000,86016
1455262357000,136192
1455262359000,121856
1455262361000,136192
1455262363000,125952
1455262365000,143360
1455262367000,147456
1455262369000,150528
1455262371000,144384
1455262373000,146432
1455262375000,146432
1455262377000,131072
1455262379000,130048
1455262381000,122880
1455262383000,136192
1455262385000,141312
1455262387000,117760
1455262389000,134144
1455262391000,128000
1455262393000,132096
1455262395000,146432
1455262397000,138240
1455262399000,146432
1455262401000,184320
1455262403000,184320
1455262405000,168960
1455262407000,157696
1455262409000,106496
1455262411000,124928
1455262418000,38034.2857142857
1455262419000,927744
1455262421000,82944
1455262423000,133120
1455262425000,144384
1455262427000,130048
1455262430000,166570.666666667
1455262431000,86016
1455262433000,130048
1455262435000,139264
1455262437000,138240
1455262439000,139264
1455262441000,143360
1455262443000,137216
1455262445000,142336
1455262453000,29696
1455262455000,610304
1455262457000,75776
1455262459000,140288
1455262461000,121856
1455262463000,134144
1455262465000,151552
1455262467000,136192
1455262469000,131072
1455262471000,145408
1455262473000,175104
1455262475000,93184
1455262477000,134144
1455262479000,143360
1455262481000,161792
1455262483000,136192
1455262485000,146432
1455262487000,133120
1455262489000,134144
1455262491000,138240
1455262493000,147456
1455262495000,145408
1455262497000,145408
1455262499000,137216
1455262501000,143360
1455262504000,142677.333333333
1455262505000,169984
1455262507000,130048
1455262509000,149504
1455262511000,128000
1455262513000,144384
1455262515000,109568
1455262517000,128000
1455262519000,120832
1455262521000,142336
1455262523000,126976
1455262525000,143360
1455262527000,147456
1455262529000,137216
1455262531000,148480
1455262533000,145408
1455262535000,159744
1455262537000,133120
1455262539000,154624
1455262541000,142336
1455262543000,141312
1455262545000,141312
1455262547000,150528
1455262549000,144384
1455262551000,150528
1455262553000,139264
1455262555000,135168
1455262557000,155648
1455262559000,151552
1455262561000,139264
1455262563000,142336
1455262565000,137216
1455262567000,133120
1455262569000,147456
1455262571000,150528
1455262573000,138240
1455262575000,145408
1455262577000,145408
1455262584000,34523.4285714286
1455262585000,794624
1455262587000,86016
1455262589000,141312
1455262592000,115370.666666667
1455262594000,143360
1455262595000,215040
1455262597000,139264
1455262599000,139264
1455262601000,161792
1455262603000,116736
1455262605000,142336
1455262607000,140288
1455262609000,132096
1455262611000,163840
1455262614000,160426.666666667
1455262615000,163840
1455262617000,148480
1455262619000,137216
1455262622000,140629.333333333
1455262623000,139264
1455262625000,166912
1455262627000,136192
1455262629000,162816
1455262631000,175104
1455262633000,155648
1455262635000,167936
1455262637000,137216
1455262639000,117760
1455262641000,102400
1455262643000,128000
1455262645000,133120
1455262648000,136533.333333333
1455262649000,135168
1455262651000,159744
1455262653000,128000
1455262655000,147456
1455262657000,111616
1455262659000,172032
1455262661000,118784
1455262663000,130048
1455262665000,121856
1455262667000,111616
1455262669000,149504
1455262676000,157403.428571429
1455262677000,61440
1455262679000,120832
1455262681000,154624
1455262684000,125610.666666667
1455262685000,131072
1455262687000,144384
1455262689000,141312
1455262691000,147456
1455262693000,125952
1455262695000,130048
1455262697000,129024
1455262700000,126293.333333333
1455262701000,149504
1455262703000,138240
1455262705000,138240
1455262707000,138240
1455262709000,138240
1455262711000,123904
1455262713000,141312
1455262715000,122880
1455262717000,138240
1455262719000,132096
1455262721000,142336
1455262723000,145408
1455262725000,139264
1455262727000,148480
1455262729000,131072
1455262731000,145408
1455262733000,118784
1455262735000,129024
1455262737000,117760
1455262739000,142336
1455262741000,129024
1455262743000,144384
1455262745000,159744
1455262748000,134485.333333333
1455262749000,157696
1455262751000,130048
1455262753000,144384
1455262755000,141312
1455262757000,136192
1455262759000,122880
1455262761000,126976
1455262763000,129024
1455262765000,141312
1455262767000,137216
1455262769000,149504
1455262771000,141312
1455262773000,161792
1455262775000,133120
1455262777000,133120
1455262779000,144384
1455262781000,148480
1455262783000,135168
1455262785000,152576
1455262787000,131072
1455262789000,132096
1455262791000,143360
1455262794000,144725.333333333
1455262795000,120832
1455262797000,134144
1455262799000,154624
1455262801000,112640
1455262803000,145408
1455262806000,128341.333333333
1455262807000,98304
1455262809000,153600
1455262811000,126976
1455262813000,151552
1455262815000,125952
1455262818000,141994.666666667
1455262819000,131072
1455262821000,135168
1455262823000,168960
1455262825000,129024
1455262827000,148480
1455262829000,139264
1455262831000,133120
1455262833000,148480
1455262835000,142336
1455262837000,143360
1455262839000,158720
1455262841000,140288
1455262843000,153600
1455262845000,145408
1455262847000,141312
1455262849000,146432
1455262851000,142336
1455262853000,123904
1455262855000,143360
1455262857000,135168
1455262859000,130048
1455262861000,132096
1455262863000,136192
1455262865000,120832
1455262867000,143360
1455262870000,152234.666666667
1455262871000,159744
1455262873000,137216
1455262875000,145408
1455262878000,134485.333333333
1455262879000,108544
1455262881000,139264
1455262883000,134144
1455262885000,167936
1455262887000,148480
1455262890000,137216
1455262891000,206848
1455262894000,153600
1455262900000,27648
1455262901000,899072
1455262902000,53248
1455262903000,163840
1455262905000,142336
1455262910000,167116.8
1455262911000,90112
1455262913000,134144
1455262915000,142336
1455262917000,133120
1455262919000,136192
1455262921000,157696
1455262923000,130048
1455262925000,147456
1455262927000,136192
1455262929000,132096
1455262931000,153600
1455262933000,151552
1455262935000,142336
1455262937000,152576
1455262939000,135168
1455262941000,129024
1455262943000,118784
1455262945000,147456
1455262947000,138240
1455262949000,141312
1455262951000,139264
1455262953000,132096
1455262956000,150186.666666667
1455262957000,112640
1455262959000,119808
1455262961000,160768
1455262963000,125952
1455262965000,132096
1455262967000,131072
1455262969000,137216
1455262971000,140288
1455262973000,130048
1455262975000,134144
1455262977000,129024
1455262979000,131072
1455262981000,152576
1455262983000,141312
1455262985000,130048
1455262987000,135168
1455262989000,151552
1455262991000,140288
1455262993000,128000
1455262995000,147456
1455262997000,126976
1455262999000,133120
1455263001000,130048
1455263003000,131072
1455263005000,146432
1455263007000,135168
1455263009000,132096
1455263011000,138240
1455263013000,145408
1455263015000,128000
1455263017000,154624
1455263019000,128000
1455263021000,147456
1455263023000,116736
1455263025000,140288
1455263027000,117760
1455263029000,138240
1455263031000,128000
1455263033000,135168
1455263035000,132096
1455263037000,143360
1455263050000,32925.5384615385
1455263051000,1619968
1455263052000,196608
1455263053000,65536
1455263055000,124928
1455263057000,133120
1455263059000,120832
1455263061000,138240
1455263063000,140288
1455263065000,124928
1455263067000,155648
1455263069000,142336
1455263077000,54272
1455263081000,334336
1455263082000,194560
1455263083000,36864
1455263085000,128000
1455263087000,120832
1455263089000,149504
1455263091000,118784
1455263093000,138240
1455263095000,136192
1455263097000,125952
1455263099000,150528
1455263101000,158720
1455263103000,137216
1455263105000,135168
1455263107000,157696
1455263109000,146432
1455263112000,151552
1455263113000,176128
1455263115000,137216
1455263117000,141312
1455263119000,152576
1455263121000,134144
1455263123000,126976
1455263125000,146432
1455263127000,118784
1455263129000,147456
1455263131000,145408
1455263133000,146432
1455263135000,141312
1455263137000,131072
1455263139000,146432
1455263141000,151552
1455263143000,126976
1455263145000,139264
1455263147000,129024
1455263149000,150528
1455263151000,135168
1455263153000,146432
1455263155000,152576
1455263157000,146432
1455263159000,133120
1455263161000,150528
1455263163000,128000
1455263165000,150528
1455263167000,148480
1455263169000,147456
1455263171000,179200
1455263173000,164864
1455263175000,154624
1455263177000,148480
1455263179000,142336
1455263181000,160768
1455263183000,169984
1455263185000,171008
1455263187000,171008
1455263189000,111616
1455263191000,152576
1455263193000,121856
1455263195000,153600
1455263197000,134144
1455263199000,148480
1455263201000,124928
1455263203000,126976
1455263205000,144384
1455263207000,139264
1455263209000,117760
1455263211000,135168
1455263213000,120832
1455263215000,151552
1455263217000,131072
1455263219000,140288
1455263221000,142336
1455263223000,155648
1455263225000,131072
1455263227000,139264
1455263229000,156672
1455263231000,146432
1455263233000,150528
1455263235000,124928
1455263237000,143360
1455263239000,176128
1455263241000,115712
1455263245000,199168
1455263247000,150528
1455263249000,186368
1455263251000,122880
1455263253000,128000
1455263255000,110592
1455263257000,140288
1455263259000,153600
1455263261000,140288
1455263263000,139264
1455263265000,136192
1455263267000,146432
1455263269000,132096
1455263271000,151552
1455263273000,133120
1455263275000,128000
1455263277000,126976
1455263279000,126976
1455263281000,121856
1455263283000,144384
1455263285000,142336
1455263287000,141312
1455263289000,146432
1455263291000,134144
1455263293000,139264
1455263295000,155648
1455263297000,137216
1455263299000,114688
1455263301000,136192
1455263303000,126976
1455263305000,139264
1455263307000,139264
1455263310000,132437.333333333
1455263311000,143360
1455263313000,144384
1455263316000,126976
1455263317000,120832
1455263319000,142336
1455263321000,145408
1455263323000,138240
1455263325000,136192
1455263327000,139264
1455263330000,131754.666666667
1455263331000,141312
1455263333000,119808
1455263335000,140288
1455263337000,130048
1455263339000,134144
1455263341000,150528
1455263343000,137216
1455263345000,138240
1455263347000,119808
1455263349000,123904
1455263351000,131072
1455263353000,138240
1455263360000,40082.2857142857
1455263361000,847872
1455263362000,63488
1455263363000,141312
1455263365000,136192
1455263367000,139264
1455263369000,133120
1455263371000,154624
1455263373000,133120
1455263375000,137216
1455263377000,144384
1455263379000,146432
1455263381000,139264
1455263383000,148480
1455263385000,139264
1455263387000,141312
1455263389000,139264
1455263391000,140288
1455263393000,140288
1455263395000,139264
1455263397000,147456
1455263399000,148480
1455263401000,153600
1455263403000,131072
1455263405000,139264
1455263407000,146432
1455263409000,149504
1455263411000,125952
1455263413000,163840
1455263415000,115712
1455263417000,128000
1455263424000,148333.714285714
1455263425000,38912
1455263427000,135168
1455263429000,153600
1455263431000,134144
1455263433000,148480
1455263435000,152576
1455263437000,122880
1455263439000,144384
1455263441000,154624
1455263443000,144384
1455263445000,136192
1455263447000,141312
1455263449000,139264
1455263451000,163840
1455263453000,128000
1455263455000,163840
1455263457000,146432
1455263460000,137898.666666667
1455263461000,165888
1455263465000,88576
1455263466000,325632
1455263467000,122880
1455263469000,141312
1455263471000,153600
1455263473000,153600
1455263475000,136192
1455263477000,146432
1455263479000,135168
1455263481000,123904
1455263483000,138240
1455263485000,143360
1455263487000,125952
1455263489000,120832
1455263496000,38326.8571428571
1455263500000,345088
1455263501000,155648
1455263502000,43008
1455263503000,131072
1455263505000,151552
1455263507000,136192
1455263509000,154624
1455263511000,150528
1455263513000,118784
1455263515000,149504
1455263517000,138240
1455263520000,156330.666666667
1455263521000,110592
1455263523000,154624
1455263525000,204800
1455263527000,145408
1455263529000,147456
1455263531000,156672
1455263533000,136192
1455263535000,136192
1455263537000,135168
1455263539000,116736
1455263541000,115712
1455263543000,138240
1455263545000,148480
1455263547000,139264
1455263549000,136192
1455263551000,137216
1455263553000,140288
1455263555000,156672
1455263557000,133120
1455263559000,117760
1455263561000,118784
1455263568000,39497.1428571429
1455263569000,921600
1455263571000,114688
1455263573000,133120
1455263575000,145408
1455263577000,132096
1455263579000,149504
1455263581000,138240
1455263583000,140288
1455263585000,134144
1455263587000,151552
1455263589000,115712
1455263591000,141312
1455263593000,129024
1455263595000,147456
1455263597000,131072
1455263599000,126976
1455263601000,133120
1455263603000,147456
1455263605000,136192
1455263607000,130048
1455263609000,143360
1455263611000,143360
1455263613000,149504
1455263615000,119808
1455263617000,134144
1455263619000,138240
1455263622000,141312
1455263623000,149504
1455263625000,132096
1455263627000,145408
1455263629000,119808
1455263631000,108544
1455263633000,129024
1455263635000,129024
1455263637000,132096
1455263639000,135168
1455263641000,136192
1455263643000,137216
1455263645000,135168
1455263648000,137898.666666667
1455263649000,145408
1455263651000,137216
1455263653000,141312
1455263655000,150528
1455263657000,137216
1455263659000,140288
1455263661000,124928
1455263663000,138240
1455263665000,131072
1455263667000,133120
1455263669000,155648
1455263671000,135168
1455263673000,136192
1455263675000,139264
1455263677000,133120
1455263679000,153600
1455263681000,147456
1455263683000,147456
1455263685000,141312
1455263687000,143360
1455263689000,133120
1455263691000,149504
1455263693000,128000
1455263695000,148480
1455263697000,134144
1455263699000,143360
1455263701000,119808
1455263703000,136192
1455263705000,144384
1455263707000,133120
1455263709000,139264
1455263712000,144725.333333333
1455263713000,116736
1455263715000,145408
1455263717000,147456
1455263719000,141312
1455263721000,142336
1455263723000,144384
1455263726000,142677.333333333
1455263727000,122880
1455263729000,136192
1455263731000,142336
1455263733000,140288
1455263735000,165888
1455263737000,131072
1455263739000,141312
1455263741000,144384
1455263743000,144384
1455263745000,128000
1455263747000,152576
1455263749000,130048
1455263751000,151552
1455263758000,37156.5714285714
1455263763000,160153.6
1455263764000,835584
1455263765000,188416
1455263766000,43008
1455263767000,104448
1455263769000,118784
1455263771000,131072
1455263773000,148480
1455263775000,126976
1455263777000,164864
1455263779000,126976
1455263781000,145408
1455263783000,137216
1455263785000,141312
1455263788000,139946.666666667
1455263789000,135168
1455263791000,142336
1455263793000,146432
1455263795000,141312
1455263797000,143360
1455263799000,139264
1455263801000,153600
1455263803000,160768
1455263805000,131072
1455263807000,150528
1455263809000,133120
1455263811000,166912
1455263813000,162816
1455263815000,126976
1455263817000,137216
1455263819000,134144
1455263821000,147456
1455263823000,141312
1455263825000,139264
1455263827000,133120
1455263829000,152576
1455263831000,152576
1455263833000,142336
1455263835000,138240
1455263837000,137216
1455263840000,104448
1455263841000,131072
1455263843000,138240
1455263845000,133120
1455263848000,146773.333333333
1455263849000,151552
1455263851000,145408
1455263853000,155648
1455263855000,126976
1455263857000,148480
1455263859000,123904
1455263861000,139264
1455263863000,149504
1455263865000,134144
1455263867000,149504
1455263870000,133120
1455263872000,145408
1455263873000,129024
1455263875000,135168
1455263882000,157696
1455263883000,141312
1455263885000,89088
1455263887000,137216
1455263889000,142336
1455263891000,125952
1455263893000,133120
1455263895000,135168
1455263897000,138240
1455263899000,131072
1455263901000,121856
1455263908000,40082.2857142857
1455263912000,323072
1455263913000,94208
1455263915000,98304
1455263917000,129024
1455263919000,137216
1455263921000,138240
1455263923000,136192
1455263925000,148480
1455263927000,122880
1455263929000,140288
1455263931000,134144
1455263933000,123904
1455263935000,149504
1455263937000,131072
1455263945000,157696
1455263946000,28672
1455263947000,122880
1455263949000,153600
1455263951000,126976
1455263954000,144725.333333333
1455263955000,133120
1455263957000,152576
1455263959000,122880
1455263961000,133120
1455263963000,126976
1455263965000,136192
1455263967000,134144
1455263969000,142336
1455263971000,146432
1455263973000,136192
1455263975000,138240
1455263977000,138240
1455263979000,126976
1455263981000,115712
1455263983000,130048
1455263985000,139264
1455263987000,135168
1455263989000,149504
1455263991000,124928
1455263993000,147456
1455263995000,138240
1455263997000,153600
1455263999000,139264
1455264001000,144384
1455264003000,142336
1455264005000,144384
1455264007000,132096
1455264009000,161792
1455264011000,129024
1455264013000,139264
1455264021000,60416
1455264022000,882688
1455264023000,90112
1455264025000,140288
1455264027000,139264
1455264029000,158720
1455264031000,134144
1455264033000,143360
1455264035000,135168
1455264037000,151552
1455264040000,142677.333333333
1455264041000,180224
1455264043000,126976
1455264045000,135168
1455264047000,116736
1455264049000,119808
1455264051000,142336
1455264053000,133120
1455264055000,143360
1455264057000,140288
1455264059000,135168
1455264061000,147456
1455264063000,139264
1455264065000,154624
1455264067000,154624
1455264069000,147456
1455264071000,142336
1455264073000,142336
1455264075000,154624
1455264077000,165888
1455264079000,128000
1455264081000,131072
1455264083000,156672
1455264085000,156672
1455264087000,209920
1455264089000,168960
1455264091000,164864
1455264093000,144384
1455264095000,142336
1455264097000,141312
1455264099000,144384
1455264101000,143360
1455264101001,0
